Morbidity Class,NB_Macro F1,NB_Micro F1
Diabetes,0.4300183470661107,0.7039160401002507
Depression,0.46329019107041497,0.793834015195792
