Morbidity Class,SVM_Macro F1,SVM_Micro F1
Asthma,0.5225068648294371,0.8846037507562009
CAD,0.7970663618230495,0.8084175084175085
