Morbidity Class,SVM_Macro F1,SVM_Micro F1
Asthma,0.4672986632039369,0.8776164549304294
CAD,0.6948269407071549,0.7316835016835016
