Morbidity Class,SVM_Macro F1,SVM_Micro F1
Asthma,0.4672986632039369,0.8776164549304294
CAD,0.5541303036030897,0.6550841750841749
