Morbidity Class,SVM_Macro F1,SVM_Micro F1
Asthma,0.4672986632039369,0.8776164549304294
CAD,0.37159345260573257,0.592996632996633
